0.jpg,0
1.jpg, 0
2.jpg, 0
10.jpg, 0
11.jpg, 0
12.jpg, 0
13.jpg, 0
14.jpg, 0
15.jpg, 0
16.jpg, 0
17.jpg, 0
18.jpg, 0
19.jpg, 204
20.jpg, 204
21.jpg, 204
22.jpg, 0
23.jpg, 0
24.jpg, 204
25.jpg, 0
26.jpg, 0
27.jpg, 0
28.jpg, 204
100.jpg, 0
101.jpg, ATTENTION
102.jpg, 0
103.jpg, 0
104.jpg, 0
105.jpg, 0
106.jpg, 0
107.jpg, ATTENTION
108.jpg, 0
109.jpg, ATTENTION
110.jpg, ATTENTION
111.jpg, ATTENTION
112.jpg, ATTENTION
113.jpg, ATTENTION
114.jpg," y Room
\f1\fs24 \

\f0\fs29\fsmilli14667  \'c2\'a0\'c2\'a0\'c2\'a0ATTENTION"
115.jpg, ATTENTION
116.jpg, ATTENTION
117.jpg, ATTENTION
118.jpg, ATTENTION
119.jpg," Capy Ro
\f1\fs24 \

\f0\fs29\fsmilli14667  \'c2\'a0\'c2\'a0\'c2\'a0ATTENTION"
120.jpg, ATTENTION
121.jpg, ATTENTION
122.jpg, ATTENTION
123.jpg, Cosy oumREARRANGED TO
124.jpg, ATTENTION
125.jpg," cooy
\f1\fs24 \

\f0\fs29\fsmilli14667  \'c2\'a0\'c2\'a0\'c2\'a0ATTENTION"
126.jpg, ATTENTION
127.jpg, ATTENTION
128.jpg, ATTENTION
129.jpg, 0
130.jpg, 0
131.jpg, T
132.jpg, CSC PRINCIPLES OF COMMUNITY
133.jpg, 0
134.jpg, ATTENION
135.jpg, 0
136.jpg, 0
137.jpg, 0
138.jpg, 0
139.jpg, 0
140.jpg, 0
141.jpg, 0
142.jpg, 0
143.jpg, 0
144.jpg, 0
145.jpg, 0
146.jpg, 0
147.jpg, 0
148.jpg, 0
149.jpg, 0
150.jpg, 0
151.jpg, 0
152.jpg, 0
153.jpg, 0
154.jpg, 0
155.jpg, 0
156.jpg, 0
157.jpg, 0
158.jpg, 0
159.jpg, 0
160.jpg, 0
161.jpg, 0
162.jpg, 0
163.jpg, 0
164.jpg, 0
165.jpg, 0
166.jpg, 0
167.jpg, 0
168.jpg, 0
169.jpg, 0
170.jpg, 0
171.jpg, 0
172.jpg, 0
173.jpg, 0
174.jpg, 0
175.jpg, 0
176.jpg, 0
177.jpg, 0
178.jpg, 0
179.jpg, 0
180.jpg, 0
181.jpg, 0
182.jpg, 0
183.jpg, 0
184.jpg, 0
185.jpg, 0
186.jpg, 0
187.jpg, 0
188.jpg, 0
189.jpg, 0
190.jpg, 0
191.jpg, 0
192.jpg, 0
193.jpg, 0
194.jpg, 0
195.jpg, 0
196.jpg, 0
197.jpg, 0
198.jpg, 0
199.jpg,0
200.jpg,0
201.jpg,0
202.jpg, 0
203.jpg, 0
204.jpg, 0
205.jpg, 0
206.jpg, 0
207.jpg, 0
208.jpg, 0
209.jpg, 0
210.jpg, 0
211.jpg, 0
212.jpg, 0
213.jpg, 0
214.jpg, 0
215.jpg, 0
216.jpg, 0
217.jpg, 0
218.jpg, 0
219.jpg, 0
220.jpg, 0
221.jpg, 0
222.jpg, 0
223.jpg, 0
224.jpg, 0}
225.jpg,0
226.jpg,0
227.jpg, 0
228.jpg, 0
229.jpg, 0
230.jpg, SMENS
231.jpg, 0
232.jpg, 0
233.jpg, FI
234.jpg," . 2nd Flour
\f1\i0 \cf4 \cb1 \strokec4 \

\f0\i \cf2 \cb3 \strokec2 FI"
235.jpg," o2 Building
\f1\i0 \cf4 \cb1 \strokec4 \

\f0\i \cf2 \cb3 \strokec2 Engineering
\f1\i0 \cf4 \cb1 \strokec4 \

\f0\i \cf2 \cb3 \strokec2 FI"
236.jpg," Enginaering 2
\f1\i0 \cf4 \cb1 \strokec4 \

\f0\i \cf2 \cb3 \strokec2 FI"
237.jpg," Engineering 2
\f1\i0 \cf4 \cb1 \strokec4 \

\f0\i \cf2 \cb3 \strokec2 . 2nd Floor
\f1\i0 \cf4 \cb1 \strokec4 \

\f0\i \cf2 \cb3 \strokec2 FI"
238.jpg," ein2 Bulding 2nd Floor
\f1\i0 \cf4 \cb1 \strokec4 \

\f0\i \cf2 \cb3 \strokec2 FI"
239.jpg," 2nd Floor
\f1\i0 \cf4 \cb1 \strokec4 \

\f0\i \cf2 \cb3 \strokec2 ineering 2 Butding"
240.jpg," Engineering 2
\f1\i0 \cf4 \cb1 \strokec4 \

\f0\i \cf2 \cb3 \strokec2 . 2nd Floo
\f1\i0 \cf4 \cb1 \strokec4 \

\f0\i \cf2 \cb3 \strokec2 FI"
241.jpg," 2nd Floor
\f1\i0 \cf4 \cb1 \strokec4 \

\f0\i \cf2 \cb3 \strokec2 dineering 2 Bulding
\f1\i0 \cf4 \cb1 \strokec4 \

\f0\i \cf2 \cb3 \strokec2 FI"
242.jpg," aineering 2 Buite
\f1\i0 \cf4 \cb1 \strokec4 \

\f0\i \cf2 \cb3 \strokec2 FI"
243.jpg," naineering 2 Building . 2nd Floor
\f1\i0 \cf4 \cb1 \strokec4 \

\f0\i \cf2 \cb3 \strokec2 FI
\f1\i0 \cf4 \cb1 \strokec4 \

\f0\i \cf2 \cb3 \strokec2 DOWN
\f1\i0 \cf4 \cb1 \strokec4 \

\f0\i \cf2 \cb3 \strokec2 SIEMENS"
244.jpg," . 2nd Floor
\f1\i0 \cf4 \cb1 \strokec4 \

\f0\i \cf2 \cb3 \strokec2 a 2 Building9
\f1\i0 \cf4 \cb1 \strokec4 \

\f0\i \cf2 \cb3 \strokec2 ineering
\f1\i0 \cf4 \cb1 \strokec4 \

\f0\i \cf2 \cb3 \strokec2 ngir
\f1\i0 \cf4 \cb1 \strokec4 \

\f0\i \cf2 \cb3 \strokec2 FIRE
\f1\i0 \cf4 \cb1 \strokec4 \

\f0\i \cf2 \cb3 \strokec2 SIEMENS"
245.jpg," 2nd Floor
\f1\i0 \cf4 \cb1 \strokec4 \

\f0\i \cf2 \cb3 \strokec2 ngineering 2 Building
\f1\i0 \cf4 \cb1 \strokec4 \

\f0\i \cf2 \cb3 \strokec2 911
\f1\i0 \cf4 \cb1 \strokec4 \

\f0\i \cf2 \cb3 \strokec2 FI
\f1\i0 \cf4 \cb1 \strokec4 \

\f0\i \cf2 \cb3 \strokec2 SIEMENS"
246.jpg," . 2nd Floor
\f1\i0 \cf4 \cb1 \strokec4 \

\f0\i \cf2 \cb3 \strokec2 eering 2 Building""
\f1\i0 \cf4 \cb1 \strokec4 \

\f0\i \cf2 \cb3 \strokec2 FIRE
\f1\i0 \cf4 \cb1 \strokec4 \

\f0\i \cf2 \cb3 \strokec2 SIEMENS"
247.jpg," 2nd Floor
\f1\i0 \cf4 \cb1 \strokec4 \

\f0\i \cf2 \cb3 \strokec2 ngineering 2 Building
\f1\i0 \cf4 \cb1 \strokec4 \

\f0\i \cf2 \cb3 \strokec2 FI
\f1\i0 \cf4 \cb1 \strokec4 \

\f0\i \cf2 \cb3 \strokec2 SIEMENS"
248.jpg," Engineering 2 Building . 2nd Floor
\f1\i0 \cf4 \cb1 \strokec4 \

\f0\i \cf2 \cb3 \strokec2 FIF
\f1\i0 \cf4 \cb1 \strokec4 \

\f0\i \cf2 \cb3 \strokec2 SIEMENS"
249.jpg," oalneoring 2 Building . 2nd Floor
\f1\i0 \cf4 \cb1 \strokec4 \

\f0\i \cf2 \cb3 \strokec2 Engi
\f1\i0 \cf4 \cb1 \strokec4 \

\f0\i \cf2 \cb3 \strokec2 FI
\f1\i0 \cf4 \cb1 \strokec4 \

\f0\i \cf2 \cb3 \strokec2 SIEMENS"
250.jpg," . 2nd Floor
\f1\i0 \cf4 \cb1 \strokec4 \

\f0\i \cf2 \cb3 \strokec2 FIF
\f1\i0 \cf4 \cb1 \strokec4 \

\f0\i \cf2 \cb3 \strokec2 SIEMENS"
251.jpg," eering 2 Building . 2nd Floor
\f1\i0 \cf4 \cb1 \strokec4 \

\f0\i \cf2 \cb3 \strokec2 FI
\f1\i0 \cf4 \cb1 \strokec4 \

\f0\i \cf2 \cb3 \strokec2 SIEMENS"
252.jpg," 2nd Floor
\f1\i0 \cf4 \cb1 \strokec4 \

\f0\i \cf2 \cb3 \strokec2 ngineering 2 Building
\f1\i0 \cf4 \cb1 \strokec4 \

\f0\i \cf2 \cb3 \strokec2 FI
\f1\i0 \cf4 \cb1 \strokec4 \

\f0\i \cf2 \cb3 \strokec2 SIEMENS"
253.jpg," aineering 2 Building . 2nd Floor
\f1\i0 \cf4 \cb1 \strokec4 \

\f0\i \cf2 \cb3 \strokec2 Engir
\f1\i0 \cf4 \cb1 \strokec4 \

\f0\i \cf2 \cb3 \strokec2 FI
\f1\i0 \cf4 \cb1 \strokec4 \

\f0\i \cf2 \cb3 \strokec2 SIEMENS"
254.jpg," 2nd Floor
\f1\i0 \cf4 \cb1 \strokec4 \

\f0\i \cf2 \cb3 \strokec2 Engineering 2 8ulding
\f1\i0 \cf4 \cb1 \strokec4 \

\f0\i \cf2 \cb3 \strokec2 FI
\f1\i0 \cf4 \cb1 \strokec4 \

\f0\i \cf2 \cb3 \strokec2 rive AiPll"
255.jpg," . 2nd Floor
\f1\i0 \cf4 \cb1 \strokec4 \

\f0\i \cf2 \cb3 \strokec2 Engnering 2 Bulaing
\f1\i0 \cf4 \cb1 \strokec4 \

\f0\i \cf2 \cb3 \strokec2 FI
\f1\i0 \cf4 \cb1 \strokec4 \

\f0\i \cf2 \cb3 \strokec2 SIEMENS"
256.jpg," Engineering 2 Building 2nd Floor
\f1\i0 \cf4 \cb1 \strokec4 \

\f0\i \cf2 \cb3 \strokec2 FI
\f1\i0 \cf4 \cb1 \strokec4 \

\f0\i \cf2 \cb3 \strokec2 SIEMENS"
257.jpg," eering 2 Building . 2nd Floor
\f1\i0 \cf4 \cb1 \strokec4 \

\f0\i \cf2 \cb3 \strokec2 FI
\f1\i0 \cf4 \cb1 \strokec4 \

\f0\i \cf2 \cb3 \strokec2 SIEMENS"
258.jpg," gineering 2 Building
\f1\i0 \cf4 \cb1 \strokec4 \

\f0\i \cf2 \cb3 \strokec2 FI"
259.jpg, ring 2 Building
260.jpg, FI
261.jpg," Engineering 2 Building- 2nd Floor
\f1\i0 \cf4 \cb1 \strokec4 \

\f0\i \cf2 \cb3 \strokec2 S
\f1\i0 \cf4 \cb1 \strokec4 \

\f0\i \cf2 \cb3 \strokec2 FI"
262.jpg, 0
263.jpg," 2nd Floor
\f1\i0 \cf4 \cb1 \strokec4 \

\f0\i \cf2 \cb3 \strokec2 a2 Building
\f1\i0 \cf4 \cb1 \strokec4 \

\f0\i \cf2 \cb3 \strokec2 FI
\f1\i0 \cf4 \cb1 \strokec4 \

\f0\i \cf2 \cb3 \strokec2 SIEMENS"
264.jpg," . 2nd Floor
\f1\i0 \cf4 \cb1 \strokec4 \

\f0\i \cf2 \cb3 \strokec2 a 2 Building
\f1\i0 \cf4 \cb1 \strokec4 \

\f0\i \cf2 \cb3 \strokec2 Engineering
\f1\i0 \cf4 \cb1 \strokec4 \

\f0\i \cf2 \cb3 \strokec2 FII"
265.jpg," 2md
\f1\i0 \cf4 \cb1 \strokec4 \

\f0\i \cf2 \cb3 \strokec2 2 Building"
266.jpg, 0
267.jpg, 0
268.jpg, 0
269.jpg, 0
270.jpg, 0
271.jpg, 0
272.jpg, 0
273.jpg, 0
274.jpg, 0
275.jpg, 0
276.jpg, 0
277.jpg, 0
278.jpg, 0
279.jpg, 0
280.jpg, 0
281.jpg, 0
282.jpg, 0
283.jpg, 0
284.jpg, 0
285.jpg, 0
286.jpg, 0
287.jpg, 0
288.jpg, 0
289.jpg, 0
1000.jpg, 0
1001.jpg, 0
1002.jpg, 0
1003.jpg, 0
1004.jpg, V
1005.jpg, 0
1006.jpg, 0
1007.jpg, 0
1008.jpg, 0
1009.jpg, 0
1010.jpg, 0
1011.jpg, 0
1012.jpg, Momentu
1013.jpg, Momentur
1014.jpg, Momentun
1015.jpg, 0
1016.jpg, Momentum
1017.jpg, Momentum
1018.jpg, Momentum
1019.jpg, Momentum
1020.jpg, Momentum
1021.jpg, Momentum
1022.jpg, Momentum
1023.jpg, Momentums
1024.jpg," Momentum]
\f1\i0 \cf4 \cb1 \strokec4 \
}"
1025.jpg,0
1026.jpg,Momentur
1027.jpg, 0
1028.jpg, 0
1029.jpg, 0
1030.jpg, 0
1031.jpg, Momen
1032.jpg, Momentu
1033.jpg, 0
1034.jpg, Moment
1035.jpg, Oment
1036.jpg, Moment
1037.jpg, Moment
1038.jpg, Moment
1039.jpg, Momentiy
1040.jpg, Momenty
1041.jpg, Moment
1042.jpg, Moment
1043.jpg, 0
1044.jpg, Monentu
1045.jpg, 0
1046.jpg, onentu
1047.jpg, L
1048.jpg, omentur
1049.jpg, -ant
1050.jpg, 0
1051.jpg, Momentum
1052.jpg, 0
1053.jpg, omentum!
1054.jpg, Momentum!
1055.jpg, Lomentum!
1056.jpg, entum
1057.jpg, 0
1058.jpg, I J
1059.jpg, 0
1060.jpg, 0
1061.jpg, 0
1062.jpg, Omentun
1063.jpg, Omentun
1064.jpg, Omentun
1065.jpg, Omentum
1066.jpg, Omentunutry
1067.jpg, Omentun
1068.jpg, Omentum
1069.jpg, Omentun
1070.jpg, Omentun
1071.jpg, Omentun
1072.jpg, Omentur
1073.jpg, onentu
1074.jpg, Mome
1075.jpg, 0
1076.jpg, Omentus
1077.jpg, Monent
1078.jpg,0
1079.jpg,Omentus
1080.jpg, Monentu
1081.jpg, Mor
1082.jpg, Momentu
1083.jpg, Momentu
1084.jpg, 0
1085.jpg, 0
1086.jpg, 0
1087.jpg, 0
1088.jpg, 0
1089.jpg, 0
1090.jpg, 0
1091.jpg, Momentum!
1092.jpg, Homentum!
1093.jpg, Moment
1094.jpg, Mome
1095.jpg, 0
1096.jpg, MOmeast
1097.jpg, 0
1098.jpg, Homentum
1099.jpg, Momentum
1100.jpg, tcalMomentu
1101.jpg, Momentu
1102.jpg, 0
1103.jpg, 0
1104.jpg, 0
1105.jpg, 0
1106.jpg, 0
1107.jpg, 0
1108.jpg, 0
1109.jpg, 0
1110.jpg, 0
1111.jpg, 0
1112.jpg, 0
1113.jpg, 0
1114.jpg, 0
1115.jpg, 0
1116.jpg, 0
1117.jpg, 0
1118.jpg, 0
1119.jpg, 0
1120.jpg, 0
1121.jpg, 0
1122.jpg, 0
1123.jpg, 0
1124.jpg, 0
1125.jpg, 0
1126.jpg, 0
1127.jpg, 0
1128.jpg, 0
1129.jpg, 0
1130.jpg, 0
1131.jpg, 0
1132.jpg, 0
1133.jpg, 0
1134.jpg, 0
1135.jpg, 0
1136.jpg, 0
1137.jpg, 0
1138.jpg, 0
1139.jpg, 0
1140.jpg, 0
1141.jpg, 0
1142.jpg, 0
1143.jpg, 0
1144.jpg, 0
1145.jpg, 0
1146.jpg, 0
1147.jpg, 0
1148.jpg, 0
1149.jpg, 0
1150.jpg, 0
1151.jpg, 0
1152.jpg, 0
1153.jpg, T
1154.jpg, 0
1155.jpg, 0
1156.jpg, 0
1157.jpg, 0
1158.jpg, 0
1159.jpg, 0
1160.jpg, 0
1161.jpg, 0
1162.jpg, 0
1163.jpg, 0
1164.jpg, 1
1165.jpg, L
1166.jpg, 0
1167.jpg, 0
1168.jpg, 0
1169.jpg, 0
1170.jpg, 0
1171.jpg, 0
1172.jpg, 0
1173.jpg, 0
1174.jpg, 0
1175.jpg, 0
1176.jpg, 0
1177.jpg, 0
1178.jpg, 0
1179.jpg, 0
1180.jpg, 0
1181.jpg, 0
1182.jpg, 0
1183.jpg, 0
1184.jpg, 0
1185.jpg, 0
1186.jpg, 0
1187.jpg, 0
1188.jpg, 0
1189.jpg, 0
1190.jpg, 0
1191.jpg, 0
1192.jpg, 0
1193.jpg, 0
1194.jpg, 0
1195.jpg, 0
1196.jpg, 0
1197.jpg, 0
1198.jpg, 0
1199.jpg, 0
1200.jpg, 0
1201.jpg, 2
1202.jpg, 0
1203.jpg, 0
1204.jpg, 224
1205.jpg, 0
1206.jpg, 0
1207.jpg, 0
1208.jpg, 0
1209.jpg, 0
1210.jpg, 0
1211.jpg, 0
1212.jpg, 0
1213.jpg, 0
1214.jpg, 0
1215.jpg, 0
1216.jpg, 0
1217.jpg, 0
1218.jpg, 0
1219.jpg, 0
1220.jpg, 0
1221.jpg, 0
1222.jpg, 0
1223.jpg, 0
1224.jpg, 0
1225.jpg, 0
1226.jpg, 0
1227.jpg, 224
1228.jpg, 0
1229.jpg, 0
1230.jpg, 0
1231.jpg, 0
1232.jpg, 0
1233.jpg, 0
1234.jpg, 0
1235.jpg, 0
1236.jpg, 0
1237.jpg, 0
1238.jpg, 0
1239.jpg, 0
1240.jpg, 0
1241.jpg, 0
1242.jpg, 0
1243.jpg, 0
1244.jpg, 0
1245.jpg, 0
1246.jpg, 224
1247.jpg, 22A
1248.jpg, 22A
1249.jpg, 22A
1250.jpg, 22A
1251.jpg, 224
1252.jpg, 224
1253.jpg, 2A
1254.jpg, 24
1255.jpg, 24
1256.jpg, 224
1257.jpg, 2A
1258.jpg, 224
1259.jpg, 224
1260.jpg, 224
1261.jpg, 22A
1262.jpg," 22A
"
1263.jpg,0
1264.jpg,0
1265.jpg, 0
1266.jpg, 0
1267.jpg, 0
1268.jpg, 0
1269.jpg, 0
1270.jpg, 0
1271.jpg, 0
1272.jpg, 0
1273.jpg, 0
1274.jpg, 224
1275.jpg, 0
1276.jpg, 224
1277.jpg, 224
1278.jpg, 0
1279.jpg, 0
1280.jpg, 0
1281.jpg, 0
1282.jpg, h
1283.jpg, 0
1284.jpg, 0
1285.jpg, 0
1286.jpg, 0
1287.jpg, 0
1288.jpg, 0
1289.jpg, 0
1290.jpg, 0
1291.jpg, 0
1292.jpg, 0
1293.jpg, 0
1294.jpg, 0
1295.jpg, 0
1296.jpg, 0
1297.jpg, 0
1298.jpg, 0
1299.jpg, 0
1300.jpg, 0
1301.jpg, SC
1302.jpg, 216
1303.jpg,Laboratory
1304.jpg, er E
1305.jpg, 0
1306.jpg, 0
1307.jpg, 0
1308.jpg, 0
1309.jpg, 0
1310.jpg, 0
1311.jpg, 0
1312.jpg, 0
1313.jpg, 0
1314.jpg, 0
1315.jpg, 0
1316.jpg, 0
1317.jpg, 0
1318.jpg, 0
1319.jpg, 0
1320.jpg, 0
1321.jpg, 0
1322.jpg, 0
1323.jpg, 0
1324.jpg, 0
1325.jpg, 0
1326.jpg, 0
1327.jpg, 0
1328.jpg, 0
1329.jpg, 0
1330.jpg, 0
1331.jpg, 0
1332.jpg, 0
1333.jpg, 0
1334.jpg, 0
1335.jpg, 0
1336.jpg, 0
1337.jpg, 0
1338.jpg, 0
1339.jpg, 0
1340.jpg, 0
1341.jpg, 0
1342.jpg, 0
1343.jpg, 0
1344.jpg, 0
1345.jpg, 0
1346.jpg, 0
1347.jpg, 0
1348.jpg, 0
1349.jpg, 0
1350.jpg, 0
1351.jpg, 0
1352.jpg, 0
1353.jpg, 0
1354.jpg, 0
1355.jpg, 0
1356.jpg, 0
1357.jpg, 0
1358.jpg, 0
1359.jpg, 0
1360.jpg, 0
1361.jpg, 0
1362.jpg, 0
1363.jpg, 0
1364.jpg, 0
1365.jpg, 0
1366.jpg, 0
1367.jpg, 0
1368.jpg, 0
1369.jpg, 0
1370.jpg, 0
1371.jpg, 0
1372.jpg, 0
1373.jpg, 0
1374.jpg, 232
1375.jpg, 0
1376.jpg, 0
1377.jpg, 232
1378.jpg, 232
1379.jpg, 0
1380.jpg, 0
1381.jpg, 0
1382.jpg, 0
1383.jpg, 0
1384.jpg, 0
1385.jpg, 0
1386.jpg, 0
1387.jpg, 0
1388.jpg, 0
1389.jpg, 0
1390.jpg, 0
1391.jpg, 0
1392.jpg, 0
1393.jpg, 0
1394.jpg, 0
1395.jpg, 0
1396.jpg, 0
1397.jpg, 0
1398.jpg, 0
1399.jpg, 0
1400.jpg, 0
1401.jpg, 0
1402.jpg, 0
1403.jpg,0
1404.jpg,0
1405.jpg, 0
1406.jpg, 0
1407.jpg, 232
1408.jpg, 0
1409.jpg, 0
1410.jpg, 232
1411.jpg, 232
1412.jpg, 0
1413.jpg, 0
1414.jpg, 0
1415.jpg, 0
1416.jpg, 0
1417.jpg, 0
1418.jpg, 0
1419.jpg, 0
1420.jpg, 0
1421.jpg, 0
1422.jpg, 0
1423.jpg, 0
1424.jpg, 0
1425.jpg, 0
1426.jpg, 0
1427.jpg, 0
1428.jpg, 0
1429.jpg, 0
1430.jpg, 0
1431.jpg, 0
1432.jpg, 0
1433.jpg, 0
1434.jpg, 0
1435.jpg, 0
1436.jpg, 0
1437.jpg,0
1438.jpg,0
1439.jpg, 0
1440.jpg, 0
1441.jpg, 0
1442.jpg, 0
1443.jpg, 0
1444.jpg, 0
1445.jpg, 0
1446.jpg, 0
1447.jpg, 0
1448.jpg, 0
1449.jpg, 0
1450.jpg, 0
1451.jpg,0
1452.jpg,0
1453.jpg, 232
1454.jpg, 0
1455.jpg, 0
1456.jpg, 0
1457.jpg, 0
1458.jpg, 0
1459.jpg, 0
1460.jpg, 0
1461.jpg, 0
1462.jpg, 0
1463.jpg, 0
1464.jpg, 0
1465.jpg, 0
1466.jpg, 0
1467.jpg, 0
1468.jpg, 0
1469.jpg, 0
1470.jpg, 0
1471.jpg, 0
1472.jpg, 0
1473.jpg, 0
1474.jpg, 0
1475.jpg, 0
1476.jpg, 0
1477.jpg, 0
1478.jpg, 0
1479.jpg, 0
1480.jpg, 0
1481.jpg, 0
1482.jpg, 0
1483.jpg, 0
1484.jpg, 0
1485.jpg, 0
1486.jpg, 0
1487.jpg, 0
1488.jpg, 0
1489.jpg, 0
1490.jpg, 0
1491.jpg, 0
1492.jpg, 0
1493.jpg, 0
1494.jpg, 0
1495.jpg, 0
1496.jpg, 0
1497.jpg, 0
1498.jpg, 0
1499.jpg, 0
1500.jpg, Nwi
1501.jpg, 0
1502.jpg, 0
1503.jpg, 0
1504.jpg, 0
1505.jpg, 0
1506.jpg, 0
1507.jpg, 0
1508.jpg, 0
1509.jpg, 0
1510.jpg, 0
1511.jpg,"234
    Quiet Interaclive Ruom"
1512.jpg," 234
    Quiet Interactive Ruom"
1513.jpg," 234
    Quiet Interactive Ruom"
1514.jpg," 234
    Quier
    Ruum"
1515.jpg," 234
    Quiet Interactive Room"
1516.jpg," QUIet
    234
    uet Interactive Room"
1517.jpg," 234
    Cuer ineracive Ruom"
1518.jpg," 234
    Quiet Interactive Ruom"
1519.jpg," 234
    Quiet Interactive Room"
1520.jpg," 234
    Quiet Interactive Ruom"
1521.jpg," 234
    Quier Interactiv Room"
1522.jpg," 234
    Quiet Interactive Ruom"
1523.jpg," 234
    Quiet Interactive Ruom"
1524.jpg," 234
    Quier Interactive Ruom"
1525.jpg," 234
    Quiel Interactive Room"
1526.jpg," 234
    Quiet Interacive Ruom"
1527.jpg," 234
    Quiel Interactive Ruom"
1528.jpg," 234
    Quiet Interactive Ruom"
1529.jpg," 234
    Quiet Interactive Room"
1530.jpg," 234
    Quiet Interactive Room"
1531.jpg," 234
    Quier Interactive Ruom"
1532.jpg," 234
    Quiel Interactive Ruom"
1533.jpg," 234
    Quiet Interactve Room"
1534.jpg, 0
1535.jpg, Quet
1536.jpg, Guel inieraciva Rom
1537.jpg, 0
1538.jpg, 0
1539.jpg, 0
1540.jpg, 0
1541.jpg, 0
1542.jpg, 0
1543.jpg, 0
1544.jpg, 0
1545.jpg, 0
1546.jpg, 0
1547.jpg, 0
1548.jpg, 0
1549.jpg, 0
1550.jpg,0
1551.jpg,0
1552.jpg, 0
1553.jpg, 0
1554.jpg, 0
1555.jpg, 0
1556.jpg, 0
1557.jpg," ON
    TED BY
    . TIMES
    G SYSTEM
    DURING
    ARGE"
1558.jpg," TEM
    ING"
1559.jpg, 0
1560.jpg, 0
1561.jpg, EM
1562.jpg, EM
1563.jpg, EM
1564.jpg, 0
1565.jpg, 0
1566.jpg, 0
1567.jpg, 0
1568.jpg, 0
1569.jpg, I
1570.jpg, 0
1571.jpg, 0
1572.jpg, 0
1573.jpg, 0
1574.jpg," AUTION
    S
    BYA
    GE
    CLOSED AT ALL TIMES
    HNG SYSTEM
    ENTER AREA DURING"
1575.jpg," CAUTION
    THS APEA s PROTECTED gr A
    HFEZZ ErTNGUSING SYSTEM
    CO NOT ENTER AREA DURNG
    CRAFTER DISCARGE
    EE R E ALL TE"
1576.jpg," CAUTION
    THIS AREA IS PROTECTED BY A
    HFC-2270a EXTINGUISHING SYSTEM
    DO NOT ENTER AREA DURING
    OR AFTER DISCHARGE
    KEEP D0OR CLOSED AT ALL TIMES"
1577.jpg," CAUTION
    THIS AREA IS PROTECTED BY A
    HFC-227ea EXTINGUISHING SYSTEM
    DO NOT ENTER AREA DURING
    OR AFTER DISCHARGE
    KEEP D0OR CLOSED AT ALL TIMES"
1578.jpg," CAUTION
    KEEP DOOR CLOSED AT ALL TIMES
    THIS AREA IS PROTECTED BYA
    HFC-227ea EXTINGUISHING SYSTEM
    DO NOT ENTER AREA DURING
    OR AFTER DISCHARGE"
1579.jpg," CAUTION
    THIS AREA IS PROTECTED BY A
    HFC-227ea EXTINGUISHING SYSTEM
    DO NOT ENTER AREA DURING
    0 OR AFTER DISCHARGE
I/System.out: KEEP DOOR CLOSED AT ALL TIMES"
1580.jpg," CAUTION
    KEEP DOOR CLOSED AT ALL TIMES
    THIS AREA IS PROTECTED BYA
    HFC-227ea EXTINGUISHING SYSTEM
    DO NOT ENTER AREA DURING
    OR AFTER DISCHARGE"
1581.jpg," TlblS
    CAUTION
    THIS AREA IS PROTECTED BY A
    HFC-227ea EXTINGUISHING SYSTEM
    DO NOT ENTER AREA DURING
    0 OR AFTER DISCHARGE
    KEEP DOOR CLOSED AT ALL TIMES"
1582.jpg," CAUTION
    THIS AREA IS PROTECTED BY A
    HFC-227ea EXTINGUISHING SYSTEM
    DO NOT ENTER AREA DURING
    OR AFTER DISCHARGE
    KEEP DOOR CLOSED AT ALL TIMES"
1583.jpg," CAUTION
    THIS AREA IS ROTECTED BY A
    HFC-227ea EXTINGUISHING SYSTEM
I/System.out: DO NOT ENTER AREA DURING
    OR AFTER DISCHARGE
    KEEP DOOR CLOSED AT ALL TIMES"
1584.jpg," CAUTION
    E
    KEEP DOOR CLOSED A AT ALL TIMES
    THIS AREA IS PROTECTED BYA
    HFC-227ea EXTINGUISHING SYSTEM
    DO NOT ENTER AREA DURING
    OR AFTER DISCHARGE"
1585.jpg," CAUTION
    THIS AREA IS PROTECTED BYA
    HFC-227ea EXTINGUISHING SYSTEM
    DO NOT ENTER AREA DURING
    OR AFTER DISCHARGE
    KEEP DOOR CLOSED AT ALL TIMES"
1586.jpg," CAUTION
    THIS AREA IS PROTECTED BY A
    HFC-227ea EXTINGUISHING SYSTEM
    DO NOT ENTER AREA DURING
    po OR AFTER DISCHARGE
    KEEP DOOR CLOSED AT ALL TIMES"
1587.jpg," KEEP DOOR CLOSED AT ALL TIMES
    CAUTION
    THIS AREA IS PROTECTED BY A
    HFC-227ea EXTINGUISHING SYSTEM
    DO NOT ENTER AREA DURING
    po OR AFTER DISCHARGE"
1588.jpg," CAUTION
    KEEP DOOR CLOSED AT ALL TIMES
    THIS AREA IS PROTECTED BY A
    HFC-227ea EXTINGUISHING SYSTEM
    DO NOT ENTER AREA DURING
    OR AFTER DISCHARGE"
1589.jpg," CAUTION
    KEEP DOOR CLOSED AT ALL TIMES
    THIS AREA IS PROTECTED BY A
    HFC-227ea EXTINGUISHING SYSTEM
    DO NOT ENTER AREA DURING
    OR AFTER DISCHARGE"
1590.jpg," CAUTION
    KEEP DOOR CLOSED AT ALL TIMES
    THIS AREA IS PROTECTED BY A
    HFC-227ea EXTINGUISHING SYSTEM
I/System.out: DO NOT ENTER AREA DURING
    OR AFTER DISCHARGE"
1591.jpg," CAUTION
    eE
    KEEP DOOR CLOSED AT ALL TIMES
    THIS AREA IS PROTECTED BY A
    HFC-227ea EXTINGUISHING SYSTEM
    DO NOT ENTER AREA DURING
    OR AFTER DISCHARGE"
1592.jpg," CAUTION
    THIS AREA IS PROTECTED BY A
    HFC-227ea EXTINGUISHING SYSTEM
    DO NOT ENTER AREA DURIN
    OR AFTER DISCHARGE
    KEEP D0OR CLOSED AT ALL TIME"
1593.jpg," CAUTION
    THIS AREA IS PROTECTED BY A
    HFC-227ea EXTINGUISHING SYSTEM
    DO NOT ENTER AREA DURIN
    OR AFTER DISCHARGE
    KEEP DOOR CLOSED AT ALL TIM"
1594.jpg," CAUTIO
    f
    THIS AREA IS PROTECTED BY A
    HFC-227ea EXTINGUISHING SYSTE
    DO NOT ENTER AREA DURIN
    OR AFTER DISCHARGE
    KEEP DOOR CLOSED AT ALL TI"
1595.jpg," CAUTION
    sFE
    THIS AREA IS PROTECTED BY A
    HFC-227ea EXTINGUISHING SYSTEM
    DO NOT ENTER AREA DURIN
    OR AFTER DISCHARGE
    KEEP DOOR CLOSED AT ALL TIM"
1596.jpg, 0
1597.jpg, 0
1598.jpg, 0
1599.jpg, 0
1600.jpg,0
1601.jpg,0
1602.jpg, 0
1603.jpg, 0
1604.jpg, 0
1605.jpg, 0
1606.jpg, 0
1607.jpg, 0
1608.jpg, CAUTION
1609.jpg," iiF
    witilit"
1610.jpg," CAUTI
    THIS AREA S P
    HFC ZZ1e
    DO NOT ENTER A
    OR AFTERD
    KEEP DOOR C"
1611.jpg, r
1612.jpg, 0
1613.jpg, 0
1614.jpg, 0
1615.jpg, 0
1616.jpg, 0
1617.jpg," and
    Sgal Rocesg"
1618.jpg, 0
1619.jpg, 0
1620.jpg, 0
1621.jpg, 0
1622.jpg, 0
1623.jpg, 0
1624.jpg, 0
1625.jpg, 0
1626.jpg, 0
1627.jpg, 0
1628.jpg,0
1629.jpg,0
1630.jpg, 0
1631.jpg, 0
1632.jpg, 0
1633.jpg, 0
1634.jpg, 0
1635.jpg, 0
1636.jpg, 0
1637.jpg, 0
1638.jpg, 0
1639.jpg," 206
"
1640.jpg,Labo
1641.jpg, 0
1642.jpg, 0
1643.jpg, 0
1644.jpg, 0
1645.jpg, 0
1646.jpg, 0
1647.jpg, 0
1648.jpg, 0
1649.jpg, 0
1650.jpg, 0
1651.jpg, 0
1652.jpg, 0
1653.jpg, 0
1654.jpg, 0
1655.jpg, 0
1656.jpg, 0
1657.jpg, 0
1658.jpg, 0
1659.jpg, 0
1660.jpg, 0
1661.jpg, 0
1662.jpg, 0
1663.jpg, 0
1664.jpg, 0
1665.jpg, 0
1666.jpg, 0
1667.jpg, 0
1668.jpg, 0
1669.jpg, 0
1670.jpg, 0
1671.jpg, 0
1672.jpg, 0
1673.jpg, 0
1674.jpg, 0
1675.jpg, 0
1676.jpg, 0
1677.jpg, 0
1678.jpg, 0
1679.jpg, 0
1680.jpg, 0
1681.jpg, 0
1682.jpg, 0
1683.jpg, 0
1684.jpg, 0
1685.jpg, 0
1686.jpg, 0
1687.jpg, 0
1688.jpg, 0
1689.jpg, 0
1690.jpg, 0
1691.jpg, 0
1692.jpg, 0
1693.jpg, 0
1694.jpg, 0
1695.jpg, 0
1696.jpg, 0
1697.jpg, 0
1698.jpg, 0
1699.jpg, 0
1700.jpg, 0
1701.jpg, 0
1702.jpg, 0
1703.jpg, 0
1704.jpg, 0
1705.jpg, 0
1706.jpg, 0
1707.jpg, 0
1708.jpg, 0
1709.jpg, 0
1710.jpg, 0
1711.jpg, 0
1712.jpg, 0
1713.jpg, 0
1714.jpg, 0
1715.jpg, 0
1716.jpg, 0
1717.jpg, 0
1718.jpg, 0
1719.jpg, 0
1720.jpg, 0
1721.jpg, 0
1722.jpg, 0
1723.jpg, 240
1724.jpg, 0
1725.jpg, 0
1726.jpg, 0
1727.jpg, 0
1728.jpg, 0
1729.jpg, 0
1730.jpg, 0
1731.jpg, 0
1732.jpg, 0
1733.jpg, 0
1734.jpg, 0
1735.jpg, 0
1736.jpg, 0
1737.jpg, 0
1738.jpg, 0
1739.jpg, 0
1740.jpg, 240
1741.jpg, 240
1742.jpg, 0
1743.jpg, 0
1744.jpg, 0
1745.jpg, 0
1746.jpg, 0
1747.jpg, 0
1748.jpg, I
1749.jpg, 0
1750.jpg, 0
1751.jpg, 0
1752.jpg, 0
1753.jpg, 0
1754.jpg, 0
1755.jpg, 240
1756.jpg, 0
1757.jpg, 0
1758.jpg, 0
1759.jpg, 240
1760.jpg, 0
1761.jpg, 0
1762.jpg, 0
1763.jpg, 0
1764.jpg, 0
1765.jpg, 0
1766.jpg, 240
1767.jpg, 0
1768.jpg, 0
1769.jpg, 0
1770.jpg, 0
1771.jpg, 0
1772.jpg, 0
1773.jpg, 0
1774.jpg, 0
1775.jpg, 0
1776.jpg, 0
1777.jpg, 0
1778.jpg, 0
1779.jpg, 0
1780.jpg," 0


"
1781.jpg,0
1782.jpg, 0
1783.jpg, 0
1784.jpg, 0
1785.jpg, 0
1786.jpg, 0
1787.jpg, 0
1788.jpg, 0
1789.jpg, 0
1790.jpg, 0
1791.jpg, 0
1792.jpg, 0
1793.jpg, 0
1794.jpg, 0
1795.jpg, 0
1796.jpg, 0
1797.jpg, 0
1798.jpg, 0
1799.jpg, 0
1800.jpg, 0
1801.jpg, 0
1802.jpg, 0
1803.jpg, 0
1804.jpg, 0
1805.jpg, 0
1806.jpg, 0
1807.jpg, 0
1808.jpg, 0
1809.jpg, 0
1810.jpg, 0
1811.jpg, 0
1812.jpg, 0
1813.jpg, 0
1814.jpg, 0
1815.jpg, CAURON
1816.jpg, CAUTION
1817.jpg, 0
1818.jpg, CAUTION
1819.jpg, TION
1820.jpg, 0
1821.jpg, 0
1822.jpg, 0
1823.jpg, 0
1824.jpg, 0
1825.jpg, CAUTION
1826.jpg, 0
1827.jpg, 0
1828.jpg," CAUTION
    OXYOEN IN UNE
    NO BMOKING OR OPEN FLAME
    Comp
    209
    O8nuier MiNIO"
1829.jpg," Vsion
    CAUTION
    CO Du
    OyceN NUS
    NO SUONING OR OPENLANE"
1830.jpg," 209
I/System.out: Computer Vision
    Laboralory
    OxYGEN IN USE
    CAUTION
    NO SMOKING OR OPEN FLAME Computer V"
1831.jpg," NO
    Computer Vis
    OxYGEN IN USE
    209
    G OR C OPEN FLAME
    CAUTION
    Laboratory
    Computer Vsion"
1832.jpg," 200
    Computer Vision
    aboratory
    GKYG N IN USE
    CAUTION
    ING OfE OfEN FLAME
    Computer Visi
    NO"
1833.jpg," Computer Visi
    CAUTION
    Computer Vision
    Laboratory
    209
    NO SMOKING OR OPEN FLAME
    0xYGEN IN USE"
1834.jpg," 209
    Computer Vision
    Laboratory
    CAUTION
    OxYGEN IN USE
    NO SMOKING OR OPEN FLAME
I/System.out: Computer"
1835.jpg," Compute
    CAUTION
    209
    NO SMOKING OR OPEN FLAME
    Laboratory
    Computer Vision
    OXYGEN IN USE"
1836.jpg," 209
    Vision
    CAUTION
    OXYGEN IN USE
    NO
    Compu
    G OR OPEN FLAME"
1837.jpg," 209
    CAUTION
    OXYGEN IN USE
    NO SMOKING OR OPEN FLAME
    Compute
    Computer Vision
    Laboralory"
1838.jpg," 209
    Computer Vision
    Laboratory
    CAUTION
    OxYGEN IN USE
    NO SMOKING OR OPEN FLAME
    Comput"
1839.jpg," Compute
    CAUTION
    209
    NO SMOKING OR OPEN FLAME
    oralory
    Computer Vision
    OXYGEN IN USE"
1840.jpg," 209
    CAUTION
    OxYGEN IN USE
    NO SMOKING OR OPEN FLAME
    Compute
    Computer Vision
I/System.out: Laboratory"
1841.jpg," 209
    Compurer Vision
    Laboratory
    CAUTION
    OXYGEN IN USE
    NO SMOKING OR OPEN FLAME
    Compute"
1842.jpg," 209
    CAUTION
    OXYGEN IN USE
    NOSMOKING OR OPEN FLAME
    Computer
    Computer Vision
    Laboratory"
1843.jpg," Computer
    CAUTION
    Computer Vision
    Laboratory
    209
    NO SMOKING OR OPEN FLAME
    OxYGEN IN USE"
1844.jpg," Computer l
    CAUTION
    209
    NO SMOKING OR OPEN FLAME
    Laboratory
    Computer Vision
    OXYGEN IN USE"
1845.jpg," Computer t
    CAUTION
    (
    Computer Vision
    Laboralory
    209
    NO SMOKING OR OPEN FLAME
    OXYGEN IN USE"
1846.jpg," CAUTION
I/System.out: ComputerV
    Computer Vision
    Laboratory
    209
    OxYGEN IN USE
    NO SMOKING OR OPEN FLAME"
1847.jpg," NO SMOKING OR OPEN FLAME
    Computer Vis
    CAUTION
    OXYGEN IN USE
    209
    Laboratory
    Computer Vision"
1848.jpg," 209
    CAUTION
    OXYGEN IN USE
    NO SMOKING OR OPEN FLAME
    Computer Vis
    Computer Vision
    Laboratory"
1849.jpg," 209
    Computer Vision
    Laboratory
I/System.out: CAUTION
    OXYGEN IN USE
    NO SMOKING OR OPEN FLAME
    Computer Visi"
1850.jpg,0
1851.jpg,"Computer Vision
    CAUTION
    Computer Vision
    Laboratory
    209
    NO SMOKING OR OPEN FLAME
    OXYGEN IN USE"
1852.jpg," Computer Vision L
    CAUTION
    Computer Vision
    Laboratory
    209
    NO SMOKING OR OPEN FLAME
    OxYGEN IN USE"
1853.jpg," 209
    OxYGEN IN USE
    Computer Vision
    Laboratory
    CAUTION
    NO SMOKING OR OPEN FLAME Computer Vision L"
1854.jpg," 209
I/System.out: Computer Vision
    Laboratory
    CAUTION
    OXYGEN IN USE
    NO SMOKING OR OPEN FLAME
    Computer VisionL"
1855.jpg," UC
    Computer Vision L
    CAUTION
    Computer Vision
    Laboratory
    209
    NO SMOKING OR OPEN FLAME
    OXYGEN IN USE"
1856.jpg," UC
    Computer Vision La
    CAUTION
    209
    NO SMOKING OR OPEN FLAME
    Laboratory
    Computer Vision
    OXYGEN IN USE"
1857.jpg," 209
    Computer Vision
    Laboratory
    CAUTION
    OXYGEN IN USE
    NO SMOKING OR OPEN FLAME
    Computer Vision L"
1858.jpg," Computer Visionl
    CAUTION
    209
    NO SMOKING OR OPEN FLAME
    Laboratory
    Computer Vision
    OXYGEN IN USE"
1859.jpg," 209
    Computer Vision
    Laboratory
    CAUTION
I/System.out: OXYGEN IN USE
    NO SMOKING OR OPEN FLAME
    Computer Visio"
1860.jpg," NO SMOKING OR OPEN FLAME
    Computer Visior
    CAUTION
    OxYGEN IN USE
    Computer Vision
    Laboratory
    209"
1861.jpg," 209
    CAUTION
    OxYGEN IN USE
    NO SMOKING OR OPEN FLAME
    Computer Vision
    Computer Vision
    Laboratory"
1862.jpg," Computer Vision
    CAUTION
    Computer Vision
    Laboratory
    209
    NO SMOKING OR OPEN FLAME
    OXYGEN IN USE"
1863.jpg, 0
1864.jpg, 0
1865.jpg, 0
1866.jpg, 0
1867.jpg, 0
1868.jpg, 0
1869.jpg, 0
1870.jpg, 0
1871.jpg, 0
1872.jpg, 0
1873.jpg, 0
1874.jpg, 0
1875.jpg, 0
1876.jpg, 0
1877.jpg, 0
1878.jpg, 0
1879.jpg, 0
1880.jpg, 0
1881.jpg, 0
1882.jpg, 0
1883.jpg, 0
1884.jpg, 0
1885.jpg, 0
1886.jpg, 0
1887.jpg, 0
1888.jpg, 0
1889.jpg, 0
1890.jpg, 0
1891.jpg, 0
1892.jpg, 0
1893.jpg, 0
1894.jpg, 0
1895.jpg, 0
1896.jpg, 0
1897.jpg, 0
1898.jpg, 0
1899.jpg, 0
1900.jpg, 0
1901.jpg, 209
1902.jpg, 0
1903.jpg, 209
1904.jpg, Laboratory
1905.jpg, Computer Vision
1906.jpg, 0
1907.jpg, 0
1908.jpg, 0
1909.jpg, 0
1910.jpg, 0
1911.jpg, 0
1912.jpg, 0
1913.jpg, 0
1914.jpg, CAUTION
1915.jpg, CAUTI
1916.jpg," 209
    Compute
    Laboratory
I/System.out: CAUTIO
    l IN USE
    NO SMOKING OR OPEN FL"
1917.jpg," 209
    Computer Vision
    Laboratory
    CAUTIO
    NO SMOKING OR OPEN FL"
1918.jpg," 209
    CAUTIO
    OxYGEN IN USE
    NO SMOKING OR OPEN El
    Computer Vision
    ratory"
1919.jpg," 209
    CAUTIC
    OxYGEN IN USE
    NO SMOKING OR OPEN F
    Gomputer Vision
    tory"
1920.jpg," 209
    Computer Vision
    Laboratory
    CAUTIC
    USE
    NO SMOKING OR OPEN"
1921.jpg," 209
    Computer Vision
    CAUTI
I/System.out: OXYGEN IN US
    NO SMOKING OR OPE"
1922.jpg," 209
    CAUTI
    NO SMOKING OR O"
1923.jpg," 209
    CAUT
    OX
    puter Vision
    Laboratory"
1924.jpg," 209
    omputer Vision
    CAU
    NO SMOKING OR"
1925.jpg," 209
    CAU
    YeEN
    ING
    Computer Vision
    Laboratory"
1926.jpg," 209
    CAU
    NO SMOKING OR
    Compuler Vision
    Laboratory"
1927.jpg," 209
    Computer Vision
    Laboratory
    CAUT
    OXYGEN
    NO SMOKING OOR"
1928.jpg," 209
    Computer Vision
    Laboratory
    CAUT
    OXYGEN
I/System.out: NO SMOKING O"
1929.jpg," 209
    Computer Vision
    Laboratory
    CAU
    OXYGE
    NO SMOKING O"
1930.jpg," 209
    Computer Vision
    Laboratory
    CAU
    OXY
    NO SMOKING"
1931.jpg," 209
    Computer Vision
    Laboratory
    II
    CAU
    OXYGEN
    NO SMOKING OF"
1932.jpg," 209
    Computer Vision
    Laboratory
    CAU
    OXYGE
    NO SMOKING C"
1933.jpg," 209
    Computer Vision
    Laboratory
    CAU
    OxYGE
    NO SMOKING C"
1934.jpg," 209
    Computer ision
    Laboratory
    CAUT
    OxYGEN
    NO SMOKING OR"
1935.jpg," 209
    Computer Vision
I/System.out: Laboratory
    CAUT
    OxYGEN I
    NO SMOKING OR"
1936.jpg," 209
    CAUTI
    OXYGEN IN
    NO SMOKING OR OP
    Computer Vision
    Laboratory"
1937.jpg," 209
    Computer Vision
    Laboratory
    CAUTI
    OXYGEN IN
    NO SMOKING OR O"
1938.jpg," 209
    Computer Vision
    Laboratory
    CAUT
    OXYGEN IN L
    NO SMOKING OR O"
1939.jpg," 209
    Computer Vision
    Laboratory
    CAUTI
    OXYGEN IN U
    NO SMOKING OR OPE"
1940.jpg,0
1941.jpg,"209
    Computer Vision
    Laboratory
    CAUTI
    OXYGEN IN US
    NO SMOKING OR OPE"
1942.jpg," 209
    Computer Vision
    Laboratory
    CAUTI
    OXYGEN IN US
    NO SMOKING OR OPE"
1943.jpg," 209
    CAUTIC
    OXYGEN IN USE
    NO SMOKING OR OPEN
    Computer Vision
    Laboratory"
1944.jpg," 209
    Computer Vision
    Laboratory
    CAUTIC
    OXYGEN IN USE
    NO SMOKING OR OPEN
    e"
1945.jpg," 209
    CAUT
    OxYGEN IN
    NO
    OR
    Gompurer Vision
    Laboratory"
1946.jpg, 0
1947.jpg, 0
1948.jpg, 0
1949.jpg, 0
1950.jpg, 0
1951.jpg, 0
1952.jpg, 0
1953.jpg, 0
1954.jpg, T
1955.jpg, L
1956.jpg, 0
1957.jpg, 0
1958.jpg, 0
1959.jpg, 0
1960.jpg, 0
1961.jpg, 0
1962.jpg,0
1963.jpg, 0
1964.jpg, 0
1965.jpg, 0
1966.jpg, 0
1967.jpg, 0
1968.jpg, 0
1969.jpg, L
1970.jpg, 0
1971.jpg, 0
1972.jpg, I
1973.jpg, 0
1974.jpg, 0
1975.jpg, L
1976.jpg, 0
1977.jpg, 0
1978.jpg, 0
1979.jpg, 0
1980.jpg, 0
1981.jpg, 0
1982.jpg,0
1983.jpg,0
1984.jpg, 0
1985.jpg, 0
1986.jpg, 0
1987.jpg, 0
1988.jpg, 0
1989.jpg, 0
1990.jpg,0
1991.jpg, 0
1992.jpg, 0
1993.jpg, 0
1994.jpg, 0
1995.jpg, 0
1996.jpg, 0
1997.jpg, 0
1998.jpg, 0
1999.jpg, 0
2000.jpg, 0
2001.jpg, 0
2002.jpg, 0
2003.jpg, 0
2004.jpg, 0
2005.jpg, 0
2006.jpg, 0
2007.jpg, 0
2008.jpg, 0
2009.jpg, 0
2010.jpg, 0
2011.jpg, 0
2012.jpg, 0
2013.jpg, 0
2014.jpg, 0
2015.jpg, 0
2016.jpg, 0
2017.jpg, 0
2018.jpg, 0
2019.jpg, 0
2020.jpg, 0
2021.jpg, 0
2022.jpg, 0
2023.jpg, 0
2024.jpg, 0
2025.jpg, 0
2026.jpg, 0
2027.jpg, 0
2028.jpg, 0
2029.jpg, 0
2030.jpg, 0
2031.jpg, 0
2032.jpg, II
2033.jpg, 0
2034.jpg, 0
2035.jpg, I
2036.jpg, 0
2037.jpg, 0
2038.jpg, r
2039.jpg, 0
2040.jpg, 0
2041.jpg, 0
2042.jpg, 0
2043.jpg, 0
2044.jpg, 0
2045.jpg, 0
2046.jpg, 0
2047.jpg, 0
2048.jpg, 0
2049.jpg, 0
2050.jpg, 0
2051.jpg, 0
2052.jpg, 0
2053.jpg, 0
2054.jpg, 0
2055.jpg, 0
2056.jpg, 0
2057.jpg, 0
2058.jpg, 0
2059.jpg, 0
2060.jpg, 0
2061.jpg, 0
2062.jpg, 0
2063.jpg, 0
2064.jpg, 0
2065.jpg, 0
2066.jpg, 0
2067.jpg, 0
2068.jpg, 0
2069.jpg, 0
2070.jpg, 0
2071.jpg, 0
2072.jpg, 0
2073.jpg, 0
2074.jpg, 0
2075.jpg, 0
2076.jpg, 0
2077.jpg, 0
2078.jpg, 0
2079.jpg, 0
2080.jpg, 0
2081.jpg, 0
2082.jpg, 0
2083.jpg, TION
2084.jpg, 0
2085.jpg, 0
2086.jpg," UCSC
    Computer Vision Lab"
2087.jpg," UCSC
    son Lab"
2088.jpg," CAUTION
    OXYGEN IN USE
    NO SMOKING OR OPENFLAME
    Computer Vision Lab"
2089.jpg," Computer Visi
    CAUTION
    NO aNG CROPEN FLA"
2090.jpg," CAUTION
    Computer Vi"
2091.jpg," CAUTION
    UsYEE
    iEFLAA ComputerVi"
2092.jpg, CAUTION
2093.jpg, CAUTION
2094.jpg," CAUTION
    UCSC
    oR OPEN FL eComputer Vision Lab
    OXYGEN IN USE"
2095.jpg," OxYGEN IN USE
    CAUTION
    UCSC
"
2096.jpg, NO SMOKING OR OPEN FLAME EComputer Vision Lab
2097.jpg,"III
    UCSC
    EComputer Vision Lab
    CAUTION
    oxYGEN IN UsE
    NO SMOKIN OR OPEN FLAME"
2098.jpg," CAUTION
    NO SMOKING OR OPEN FLAME Computer Vision Lab
    OxYGEN IN Usr
I/System.out: UCSC"
2099.jpg," 0xYGEN IN USE
    CAUTION
    NO SMOKNG OR OPEN FLAME Computer Vision Lab
    UCSC"
2100.jpg," CAUTION
    OxYGEN IN usE
    UCSC
    NO SMOKING OR OPEN FLANE EComputer Vision Lab"
2101.jpg," CAUTION
    OXYGEN IN USE
    UCSC
    NO SMOKING OR OPEN FLA EComputer Vision Lab"
2102.jpg," EComputer Vision L Lab
    UCSC
    CAUTION
    OxYGEN IN USE
    NO SMOKIN OR OPEN FLAME"
2103.jpg," CAUTION
    NO OKING OR OPEN FUA EComputer Vision Lab
    OxYGEN IN USE
    UCSC"
2104.jpg," CAUTION
    NO SMOKIN NG OR OPENFLAME
    OxYGEN IN USE
    UCsC
    EComputer Vision Lab"
2105.jpg," UCSC
    Computer Vision Lab
    OxYGEN IN USE
    NO SMOKING OR OPEN FLAME
    CAUTION"
2106.jpg," UCSC
    CAUTION
    Computer Vision Lab
    ratory
    OxYGEN IN USE
    NO SMOKING OR OPEN FLAME"
2107.jpg, 0
2108.jpg, 0
2109.jpg, 0
2110.jpg, 0
2111.jpg, 0
2112.jpg, 0
2113.jpg, 0
2114.jpg, 0
2115.jpg, T
2116.jpg, 0
2117.jpg, 0
2118.jpg, 0
2119.jpg, 0
2120.jpg, 0
2121.jpg, 0
2122.jpg, 0
2123.jpg, 0
2124.jpg, 0
2125.jpg, a
2126.jpg, 0
2127.jpg, 0
2128.jpg, 0
2129.jpg, 0
2130.jpg, 0
2131.jpg, 0
2132.jpg, 0
2133.jpg, 0
2134.jpg, 0
2135.jpg, 0
2136.jpg, 0
2137.jpg, 0
2138.jpg, CRITON
2139.jpg, CAUTION
2140.jpg, CAUTION
2141.jpg, 0
2142.jpg, CAUT
2143.jpg, 0
2144.jpg, CA
2145.jpg, 209
2146.jpg, CA
2147.jpg, CAU
2148.jpg, CAUTI
2149.jpg, CAUTI
2150.jpg, CAUTI
2151.jpg, CAU
2152.jpg, CAL
2153.jpg, 209
2154.jpg, 209
2155.jpg," 209
    Computer Vson"
2156.jpg, 209
2157.jpg, 209
2158.jpg, 209
2159.jpg, 209
2160.jpg," 209
    Computer Vson"
2161.jpg, 209
2162.jpg, 209
2163.jpg, 209
2164.jpg, 209
2165.jpg," 209
    CAL"
2166.jpg," 209
    Compuler Vision
    CAUT
    sMORING 0"
2167.jpg," 209
I/System.out: CAUT"
2168.jpg," 209
    CAUTI
    SMONONG OR OPE"
2169.jpg," 209
    CAUTI
    NO SAKOKOING OR O"
2170.jpg," 209
    CAUTIO
    NO SMOHNG OR OPENF"
2171.jpg," 209
    Compurer sion
    CAUTION
    OKYGEN IN USE"
2172.jpg," 209
    CAUTION
    cxYGEN INUSE"
2173.jpg," 209
    CAUTION
    NO SMOHONG OR OPEN FLAME"
2174.jpg," 209
    CAUTION"
2175.jpg," 209
 CAUTION"
2176.jpg," 209
    CAUTION
    Com"
2177.jpg," CAUTION
    NO SANOHONG OR OPENFE"
2178.jpg," CAUTION
    maEN Nus
    NO SMONING OR OPENTLANE"
2179.jpg," CAUTION
    NO SMOKIG OR OPEN FLANE"
2180.jpg," Compuret Won
    CAUTION"
2181.jpg," 209
    CAUTION
    NO SMOKING OR OPEN LAME"
2182.jpg," 209
    CAUTION
    NO SHAOKOING OR OPEN FLAE"
2183.jpg," CAUTION
    vo suNNG R OPEN"
2184.jpg, 0
2185.jpg, 0
2186.jpg, 0
2187.jpg, 0
2188.jpg, 0
2189.jpg, 0
2190.jpg, 0
2191.jpg, 0
2192.jpg, 0
2193.jpg, 0
2194.jpg, L
2195.jpg, 0
2196.jpg,0
2197.jpg,0
2198.jpg,0
2199.jpg,0
2200.jpg,"0





"
2201.jpg,0
2202.jpg, 0
2203.jpg, 0
2204.jpg, 0
2205.jpg, 0
2206.jpg, 0
2207.jpg, CAUTION
2208.jpg, CAUTION
2209.jpg, CAUTION
2210.jpg, CAUTION
2211.jpg, CAUTION
2212.jpg, CAUTION
2213.jpg, CAUTION
2214.jpg, CAUTION
2215.jpg, 0
2216.jpg, 0
2217.jpg, 0
2218.jpg, I
2219.jpg, 0
2220.jpg, 0
2221.jpg, 0
2222.jpg, 0
2223.jpg, 0
2224.jpg, 0
2225.jpg, 0
2226.jpg, T
2227.jpg, 0
2228.jpg, 0
2229.jpg, 0
2230.jpg, 0
2231.jpg, 0
2232.jpg, 0
2233.jpg, 0
2234.jpg, 0
2235.jpg, 0
2236.jpg, 0
2237.jpg, 0
2238.jpg, L
2239.jpg, 0
2240.jpg, 0
2241.jpg, 0
2242.jpg, 0
2243.jpg, 0
2244.jpg, 0
2245.jpg, 0
2246.jpg, 0
2247.jpg, 0
2248.jpg, 0
2249.jpg, 0
2250.jpg, 0
2251.jpg, 0
2252.jpg, 0
2253.jpg, 0
2254.jpg, 0
2255.jpg, 0
2256.jpg, 0
2257.jpg, 0
2258.jpg, 0
2259.jpg, 0
2260.jpg, 0
2261.jpg, 0
2262.jpg, 0
2263.jpg, 0
2264.jpg, 0
2265.jpg, 0
2266.jpg, 0
2267.jpg, 0
2268.jpg, 0
2269.jpg, 0
2270.jpg, 0
2271.jpg, 0
2272.jpg, 0
2273.jpg, 0
2274.jpg, 0
2275.jpg, 0
2276.jpg, 0
2277.jpg, 0
2278.jpg, 0
2279.jpg, 0
2280.jpg, 0
2281.jpg, 0
2282.jpg, 0
2283.jpg, 0
2284.jpg, 0
2285.jpg, 0
2286.jpg, 0
2287.jpg, 0
2288.jpg, CAUTION
2289.jpg, 0
2290.jpg, 0
2291.jpg, UTION
2292.jpg, 0
2293.jpg, 0
2294.jpg," CAUTION
I/System.out: UCsc"
2295.jpg, CAUTION
2296.jpg, CAUTON
2297.jpg, 0
2298.jpg, 0
2299.jpg, 0
2300.jpg, 0
2301.jpg, 0
2302.jpg, O
2303.jpg, 0
2304.jpg, 0
2305.jpg, 0
2306.jpg, 0
2307.jpg, 0
2308.jpg, 0
2309.jpg, DL
2310.jpg, 0
2311.jpg, 0
2312.jpg, 0
2313.jpg, t
2314.jpg, 0
2315.jpg, 0
2316.jpg, 0
2317.jpg, 0
2318.jpg, 0
2319.jpg, 0
2320.jpg, 0
2321.jpg, 0
2322.jpg, 0
2323.jpg, 0
2324.jpg, 0
2325.jpg, 0
2326.jpg, 0
2327.jpg, 0
2328.jpg, 0
2329.jpg, CAUTON
2330.jpg, CAUTION
2331.jpg, CAUTION
2332.jpg, 0
2333.jpg, 0
2334.jpg, 0
2335.jpg, 0
2336.jpg, 0
2337.jpg, 0
2338.jpg, 0
2339.jpg, 0
2340.jpg, 0
2341.jpg, 0
2342.jpg, 0
2343.jpg, 0
2344.jpg, 0
2345.jpg, 0
2346.jpg, 0
2347.jpg, 209
2348.jpg, 209
2349.jpg, 0
2350.jpg, 0
2351.jpg," 209
    CAUT"
2352.jpg, 0
2353.jpg," UCS
    Computer VISion Lab
    209
    Computer Wson
    Uaboralory
    CAUTION
    ORYGEN INUsE
    WO BAOHNG OR OPENFLAE"
2354.jpg, CAUTION
2355.jpg," 209
    CAUTION"
2356.jpg," 209
    CAUTION"
2357.jpg," 209
    CAUTION
    S"
2358.jpg," 209
    CAUTION
    Comp"
2359.jpg," 209
    Compuler Vsion
    LaboralOry
    CAUTION
    UCSC
    Computer Vision Lab"
2360.jpg,0
2361.jpg,"209
    CAUTION
    Computer Vision lab"
2362.jpg," CAUTION
    CYGEN INUE"
2363.jpg," 209
    Laboratory
    CAUTION
    Computer
    UCSC"
2364.jpg," 209
    Computer Vision
    CAUTION
    UCSC
    EComputer Vision Lab"
2365.jpg, CAUTION
2366.jpg," 209
    Computer Vision
    CAUTION
    UCSC
    Computer Vision Lab"
2367.jpg," UCSC
    Computer Vision Lab
    NO SMOKING OR OPEN FLAME
    CAUTION
    Computer Vision
    209"
2368.jpg," 209
    Computer Wsion
    Laboratory
    CAUTION
    oxrGEN W USE
    Computer Vision Lab"
2369.jpg," UCSC
    Computer Vision Lab
    CAUTION
    209
    NO SMONONG OR OPEN FLAME
I/System.out: ORYGENIN USE"
2370.jpg, CAUTION
2371.jpg," Dut
    UCsC
    209
    Comcuier Waon
    CAUTION
    OrraEN NUsE
    No SMOONG OR CPENFAE"
2372.jpg," CAUTION
    oGEN IN USE
    Computer Vision Lab
    UCSC
    ooROPEN FLANE
    209
    Computer Won
    Laboratory"
2373.jpg," UCsC
    Vision Lab
    209
    Computer Vson
    Laboratory
    CAUTION
    ovpEN INUuse
    o scING OR PEvRAE"
2374.jpg," 200
    O
I/System.out: CAUTION
    LA"
2375.jpg, 0
2376.jpg, 0
2377.jpg, 0
2378.jpg, 0
2379.jpg, 0
2380.jpg, 0
2381.jpg, 0
2382.jpg, I
2383.jpg, 0
2384.jpg, 0
2385.jpg, 0
2386.jpg, 0
2387.jpg, 0
2388.jpg, 0
2389.jpg, 0
2390.jpg, 0
2391.jpg, 0
2392.jpg, 0
2393.jpg, 0
2394.jpg, 0
2395.jpg, 0
2396.jpg, 0
2397.jpg, 0
2398.jpg, 0
2399.jpg, 0
2400.jpg, 0
2401.jpg, 0
2402.jpg, 0
2403.jpg, 0
2404.jpg, 0
2405.jpg, 0
2406.jpg, 0
2407.jpg, 0
2408.jpg, 0
2409.jpg, 0
2410.jpg, 0
2411.jpg, 0
2412.jpg, 0
2413.jpg, 0
2414.jpg, 0
2415.jpg, 0
2416.jpg, 0
2417.jpg, 0
2418.jpg, 0
2419.jpg, 0
2420.jpg, 0
2421.jpg, 0
2422.jpg, 0
2423.jpg, 0
2424.jpg, 0
2425.jpg, 0
2426.jpg, 0
2427.jpg, 0
2428.jpg, 0
2429.jpg, 0
2430.jpg, 0
2431.jpg, 0
2432.jpg, 0
2433.jpg, 0
2434.jpg, 0
2435.jpg, 0
2436.jpg, 0
2437.jpg, 0
2438.jpg, 0
2439.jpg, 0
2440.jpg, 0
2441.jpg, 0
2442.jpg, 0
2443.jpg, 0
2444.jpg, 0
2445.jpg, 0
2446.jpg, 0
2447.jpg, 0
2448.jpg, 0
2449.jpg, 0
2450.jpg, 0
2451.jpg, 0
2452.jpg, 0
2453.jpg, 0
2454.jpg, 0
2455.jpg, 0
2456.jpg, 0
2457.jpg, 0
2458.jpg, 0
2459.jpg, 0
2460.jpg, 0
2461.jpg, 0
2462.jpg, 0
2463.jpg, 0
2464.jpg, VLSI
2465.jpg," 301
    VLSI"
2466.jpg, 0
2467.jpg, 0
2468.jpg, 301
2469.jpg, 301
2470.jpg, 0
2471.jpg, 0
2472.jpg, 301
2473.jpg, 0
2474.jpg, 301
2475.jpg, 301
2476.jpg, 301
2477.jpg, 301
2478.jpg, 301
2479.jpg, 301
2480.jpg, 301
2481.jpg, 301
2482.jpg, 301
2483.jpg, 301
2484.jpg, 301
2485.jpg, 301
2486.jpg, 301
2487.jpg, 301
2488.jpg, 301
2489.jpg, 301
2490.jpg, 301
2491.jpg, 301
2492.jpg, 0
2493.jpg, VLSI
2494.jpg, VLSI
2495.jpg, VLSI
2496.jpg, VLSI
2497.jpg," VLSI
    VLSI"
2498.jpg, VLSI
2499.jpg," VLSI
    VLSI"
2500.jpg," VLSI
I/chatty: uid=10087(com.google.firebase.codelab.mlkit) identical 1 line
I/System.out: VLSI"
2501.jpg," VLSI
    VLSI"
2502.jpg, VLSI
2503.jpg, VLSI
2504.jpg, VLSI
2505.jpg, VLSI
2506.jpg, VLSI
2507.jpg, VLSI
2508.jpg, VLSI
2509.jpg,VLSI
2510.jpg,VLSI
2511.jpg,VLSI
2512.jpg, VLSI
2513.jpg, VLSI
2514.jpg, VLSI
2515.jpg, VLS
2516.jpg, VLSI
2517.jpg," SI
    301"
2518.jpg," SI
    301"
2519.jpg," SI
    301"
2520.jpg, SI
2521.jpg, LSI
2522.jpg, LSI
2523.jpg, VLSI
2524.jpg," VLS
    301"
2525.jpg," VLST
    301"
2526.jpg, VLSI
2527.jpg, VLS
2528.jpg," VLSI
    301"
2529.jpg, VLSI
2530.jpg," VLSI
    301"
2531.jpg," UC SANTA CRUZ
    VLSI
    N & AUTOMATION L
    301"
2532.jpg, LSI
2533.jpg, 3O1
2534.jpg, 301
2535.jpg, 0
2536.jpg, 0
2537.jpg, 301
2538.jpg, 301
2539.jpg, 301
2540.jpg, 301
2541.jpg, 301
2542.jpg, 301
2543.jpg, 301
2544.jpg, 301
2545.jpg, 301
2546.jpg, 301
2547.jpg, 301
2548.jpg, 301
2549.jpg, 301
2550.jpg, 0
2551.jpg, 0
2552.jpg, 0
2553.jpg, 0
2554.jpg, 0
2555.jpg, 0
2556.jpg, 0
2557.jpg, 0
2558.jpg, 0
2559.jpg, 0
2560.jpg, 0
2561.jpg, 0
2562.jpg, 0
2563.jpg, 0
2564.jpg, 0
2565.jpg, 0
2566.jpg, 0
2567.jpg, 0
2568.jpg, 0
2569.jpg, 0
2570.jpg, 0
2571.jpg, 0
2572.jpg, 0
2573.jpg, 0
2574.jpg, 0
2575.jpg, 0
2576.jpg, 0
2577.jpg, 0
2578.jpg, 0
2579.jpg, 0
2580.jpg, 0
2581.jpg, 0
2582.jpg, 0
2583.jpg, 0
2584.jpg, 0
2585.jpg, 0
2586.jpg, 0
2587.jpg, 0
2588.jpg, 0
2589.jpg, 305
2590.jpg, 305
2591.jpg, 305
2592.jpg, 0
2593.jpg, 305
2594.jpg, 305
2595.jpg, 305
2596.jpg, 305
2597.jpg, 305
2598.jpg, 305
2599.jpg, 306
2600.jpg, 0
2601.jpg, 305
2602.jpg, 305
2603.jpg, 0
2604.jpg, 305
2605.jpg, 305
2606.jpg, 305
2607.jpg, 0
2608.jpg, 0
2609.jpg, 0
2610.jpg, 305
2611.jpg, 0
2612.jpg, 305
2613.jpg, 305
2614.jpg, 305
2615.jpg, 305
2616.jpg, 305
2617.jpg, 0
2618.jpg, 0
2619.jpg, 0
2620.jpg, 0
2621.jpg, 0
2622.jpg, 0
2623.jpg, 0
2624.jpg, 0
2625.jpg, 0
2626.jpg, 0
2627.jpg, 0
2628.jpg, 0
2629.jpg, 0
2630.jpg, 0
2631.jpg, 0
2632.jpg, 0
2633.jpg, 0
2634.jpg, 0
2635.jpg, 0
2636.jpg, 0
2637.jpg, 0
2638.jpg, 0
2639.jpg, 0
2640.jpg, 0
2641.jpg, 0
2642.jpg, 0
2643.jpg, 0
2644.jpg, 0
2645.jpg, 0
2646.jpg, 0
2647.jpg, 0
2648.jpg, 0
2649.jpg, 0
2650.jpg, 0
2651.jpg, 0
2652.jpg, 0
2653.jpg, 0
2654.jpg, 0
2655.jpg, 0
2656.jpg, 0
2657.jpg, 0
2658.jpg, 0
2659.jpg, 0
2660.jpg, 0
2661.jpg, 0
2662.jpg, 0
2663.jpg, 0
2664.jpg, 300
2665.jpg, 0
2666.jpg, 0
2667.jpg, 0
2668.jpg, 0
2669.jpg, 0
2670.jpg, 0
2671.jpg, 0
2672.jpg, 0
2673.jpg, 0
2674.jpg, 0
2675.jpg, 0
2676.jpg, 0
2677.jpg, 309
2678.jpg, 309
2679.jpg, 309
2680.jpg, 0
2681.jpg, 309
2682.jpg, 30
2683.jpg, 0
2684.jpg, 30
2685.jpg, 30
2686.jpg, 309
2687.jpg, 309
2688.jpg, 0
2689.jpg, 309
2690.jpg, 309
2691.jpg,309
2692.jpg,0
2693.jpg, 0
2694.jpg, 309
2695.jpg, 309
2696.jpg, 309
2697.jpg, 309
2698.jpg, 0
2699.jpg, 309
2700.jpg, 0
2701.jpg, 0
2702.jpg, 0
2703.jpg, 0
2704.jpg, 0
2705.jpg, 0
2706.jpg, 309
2707.jpg, 309
2708.jpg, 0
2709.jpg, 0
2710.jpg, 309
2711.jpg, 0
2712.jpg, 309
2713.jpg, 0
2714.jpg, 0
2715.jpg, 0
2716.jpg, 0
2717.jpg, 0
2718.jpg, 0
2719.jpg, 0
2720.jpg, 0
2721.jpg, 309
2722.jpg, 309
2723.jpg, 0
2724.jpg, 0
2725.jpg, 0
2726.jpg, 0
2727.jpg, 0
2728.jpg, 0
2729.jpg, 0
2730.jpg, 0
2731.jpg, 0
2732.jpg, 0
2733.jpg, 0
2734.jpg, 0
2735.jpg, 0
2736.jpg, 0
2737.jpg, 0
2738.jpg, 0
2739.jpg, 0
2740.jpg, 0
2741.jpg, 0
2742.jpg, 0
2743.jpg, 0
2744.jpg, 0
2745.jpg, 0
2746.jpg, 0
2747.jpg, 0
2748.jpg, 0
2749.jpg, 0
2750.jpg, 0
2751.jpg, 0
2752.jpg, 0
2753.jpg, 311
2754.jpg," i-NRG
    Group"
2755.jpg," NRG Interm
    Group"
2756.jpg, 0
2757.jpg," -NRG Iniemetworking
    Research Group"
2758.jpg," NRG
    Group"
2759.jpg," NRG
    Group"
2760.jpg," -NAG
    Group"
2761.jpg, 0
2762.jpg, NRS
2763.jpg, 0
2764.jpg," Internetworking
    Research Group"
2765.jpg, Frtssroh Gr
2766.jpg, 0
2767.jpg," NRG Inte
    Group"
2768.jpg, Group
2769.jpg, 0
2770.jpg, 0
2771.jpg," NRG: Inte
    Group"
2772.jpg, Group
2773.jpg," 311
    GInternetworking
    Research Group"
2774.jpg," 311
    NRG Int
    Research Group"
2775.jpg," -NRG Internetworking
    Research Group"
2776.jpg, 0
2777.jpg, 0
2778.jpg, 0
2779.jpg, 0
2780.jpg, 0
2781.jpg, 0
2782.jpg, 0
2783.jpg, 0
2784.jpg, 0
2785.jpg, 0
2786.jpg, 0
2787.jpg, 0
2788.jpg, 0
2789.jpg, 0
2790.jpg, 0
2791.jpg, 0
2792.jpg, 0
2793.jpg, 0
2794.jpg, 0
2795.jpg, 0
2796.jpg, 0
2797.jpg, 0
2798.jpg, 0
2799.jpg, 0
2800.jpg, 0
2801.jpg, 0
2802.jpg, 0
2803.jpg, 0
2804.jpg, 0
2805.jpg, 0
2806.jpg, 0
2807.jpg, 0
2808.jpg, 0
2809.jpg, 0
2810.jpg, 0
2811.jpg, 0
2812.jpg, 0
2813.jpg, 0
2814.jpg, 0
2815.jpg, 0
2816.jpg, 0
2817.jpg, 0
2818.jpg, 0
2819.jpg, 0
2820.jpg, IT
2821.jpg, 0
2822.jpg, 0
2823.jpg, 0
2824.jpg, 0
2825.jpg, 0
2826.jpg, 0
2827.jpg, 0
2828.jpg, 315
2829.jpg, 315
2830.jpg, 0
2831.jpg, 0
2832.jpg, 315
2833.jpg, 0
2834.jpg, 315
2835.jpg," 315
    Gomputer C"
2836.jpg," 315
    Computer C"
2837.jpg, 0
2838.jpg, 0
2839.jpg, Comuer
2840.jpg, 0
2841.jpg, 0
2842.jpg, 315
2843.jpg, 315
2844.jpg, 316
2845.jpg, 0
2846.jpg, 315
2847.jpg, 316
2848.jpg, 0
2849.jpg, 0
2850.jpg," 315
    Compurter Communea"
2851.jpg, 315
2852.jpg, 0
2853.jpg, 0
2854.jpg, 0
2855.jpg, 0
2856.jpg, 0
2857.jpg, 0
2858.jpg, 0
2859.jpg, 0
2860.jpg, 0
2861.jpg, 0
2862.jpg, 0
2863.jpg, 0
2864.jpg, 0
2865.jpg, 0
2866.jpg, 315
2867.jpg, 0
2868.jpg, 315
2869.jpg, 315
2870.jpg, 0
2871.jpg, 0
2872.jpg, 0
2873.jpg, 316
2874.jpg, 0
2875.jpg, 0
2876.jpg, 0
2877.jpg, 0
2878.jpg, 0
2879.jpg, 0
2880.jpg, 0
2881.jpg, 0
2882.jpg, 0
2883.jpg," 315
    r Communicate"
2884.jpg, 0
2885.jpg, 0
2886.jpg, 316
2887.jpg, 316
2888.jpg, 315
2889.jpg, 315
2890.jpg, 316
2891.jpg, 315
2892.jpg, 315
2893.jpg,315
2894.jpg,"315
    CCRG
    Comm"
10000.jpg," 209
    CAUTION
    Computer"
10001.jpg," INO SAOKING OR CPENEAME
    Computer V
    CAUTION
    Computer ision
    209"
10002.jpg," 209
    Computer Vision
    CAUTION
    guAVE Computer V
    No SMOKNG OR D"
10003.jpg," 209
    CAUTION
    Computer V"
10004.jpg, CAUTION
10005.jpg, 0
10006.jpg, 0
10007.jpg, 0
10008.jpg, 0
10009.jpg, 0
10010.jpg, 0
10011.jpg, 0
10012.jpg, 0
10013.jpg, 0
10014.jpg, 0
10015.jpg, 0
10016.jpg, 0
10017.jpg, 0
10018.jpg, 0
10019.jpg, 0
10020.jpg, 0
10021.jpg, 0
10022.jpg, 0
10023.jpg," 211
I/System.out: Systems Protoiyping
    Laboralory"
10024.jpg," 211
    Systems Potoyoing"
10025.jpg," 211
    Systems Prototyping"
10026.jpg," Laboralory
    211
    Systems Protolyping"
10027.jpg, Sysems rotolyping
10028.jpg," 211
    Systems Protolyp"
10029.jpg," 211
    Systerns Pro≈Çotyp"
10030.jpg, 0
10031.jpg, 0
10032.jpg, 0
10033.jpg, 0
10034.jpg, 0
10035.jpg, 0
10036.jpg, 0
10037.jpg, 0
10038.jpg, 0
10039.jpg, 0
10040.jpg, 0
10041.jpg, 0
10042.jpg, 0
10043.jpg, 0
10044.jpg, 0
10045.jpg, 0
10046.jpg," Systems Protolyping
    Laborafory"
10047.jpg," 211
    Systems Prototyping
    Laboratory"
10048.jpg," 211
    Systems Prototyping
    Laboratory"
10049.jpg," Systems Prototyping
    Laboratory"
10050.jpg," 211
    Systema Aotolyping
    Laboratory"
