189.jpg,0
162.jpg,0
176.jpg,0
1019.jpg,16
1025.jpg,48
1031.jpg,17
1030.jpg,1
1024.jpg,8
1018.jpg,32
177.jpg,0
163.jpg,0
188.jpg,0
149.jpg,0
175.jpg,0
161.jpg,0
1032.jpg,17
1026.jpg,25
1027.jpg,5
1033.jpg,4
160.jpg,0
174.jpg,0
148.jpg,0
170.jpg,0
164.jpg,0
158.jpg,0
1037.jpg,9
1023.jpg,17
1022.jpg,16
1036.jpg,16
159.jpg,0
165.jpg,0
171.jpg,0
167.jpg,0
173.jpg,0
1020.jpg,16
1034.jpg,16
1008.jpg,0
1009.jpg,0
1035.jpg,40
1021.jpg,32
172.jpg,0
166.jpg,24
14.jpg,16
129.jpg,8
101.jpg,16
115.jpg,24
1046.jpg,8
1052.jpg,0
1085.jpg,0
1084.jpg,0
1053.jpg,8
1047.jpg,16
114.jpg,16
100.jpg,16
128.jpg,32
15.jpg,24
17.jpg,8
116.jpg,37
102.jpg,7
1079.jpg,16
1051.jpg,25
1045.jpg,7
1086.jpg,0
1087.jpg,0
1044.jpg,18
1050.jpg,0
1078.jpg,16
103.jpg,32
117.jpg,24
16.jpg,16
12.jpg,2
113.jpg,16
107.jpg,8
1054.jpg,9
1040.jpg,3
1068.jpg,28
1083.jpg,8
1082.jpg,17
1069.jpg,32
1041.jpg,39
1055.jpg,10
106.jpg,16
112.jpg,18
13.jpg,16
11.jpg,3
104.jpg,9
110.jpg,16
138.jpg,0
1043.jpg,8
1057.jpg,6
1080.jpg,8
1081.jpg,8
1056.jpg,25
1042.jpg,24
139.jpg,0
111.jpg,24
105.jpg,8
10.jpg,6
108.jpg,6
120.jpg,25
134.jpg,25
1067.jpg,32
1073.jpg,24
1072.jpg,16
1066.jpg,16
135.jpg,5
121.jpg,32
109.jpg,13
137.jpg,0
123.jpg,8
1058.jpg,2
1070.jpg,32
1064.jpg,26
1065.jpg,32
1071.jpg,16
1059.jpg,0
122.jpg,16
136.jpg,0
132.jpg,35
126.jpg,8
1075.jpg,8
1061.jpg,9
1049.jpg,16
1048.jpg,16
1060.jpg,0
1074.jpg,16
127.jpg,32
133.jpg,33
18.jpg,24
125.jpg,16
131.jpg,16
119.jpg,48
1062.jpg,13
1076.jpg,13
1089.jpg,0
1088.jpg,0
1077.jpg,10
1063.jpg,8
118.jpg,33
130.jpg,8
124.jpg,17
19.jpg,8
180.jpg,0
194.jpg,0
143.jpg,0
157.jpg,0
1038.jpg,24
1004.jpg,0
1010.jpg,9
1011.jpg,0
1005.jpg,0
1039.jpg,49
156.jpg,0
142.jpg,0
181.jpg,0
183.jpg,0
168.jpg,0
154.jpg,0
140.jpg,0
1013.jpg,16
1007.jpg,0
1006.jpg,0
1012.jpg,48
141.jpg,0
155.jpg,0
169.jpg,0
182.jpg,0
192.jpg,0
186.jpg,0
151.jpg,0
145.jpg,0
179.jpg,0
1016.jpg,34
1002.jpg,0
1003.jpg,0
1017.jpg,34
178.jpg,0
144.jpg,0
150.jpg,0
187.jpg,0
193.jpg,0
185.jpg,0
191.jpg,0
1.jpg,0
146.jpg,0
152.jpg,0
1001.jpg,0
1015.jpg,16
1029.jpg,3
1028.jpg,3
1014.jpg,24
1000.jpg,0
153.jpg,0
147.jpg,0
0.jpg,0
190.jpg,0
184.jpg,0
